1.100000000000000006e-01,7.556817584149638778e-04,2.319319502316620181e-04,0.000000000000000000e+00
2.000000000000000111e-01,7.727510783158836327e-04,7.536773525045179943e-04,0.000000000000000000e+00
2.999999999999999889e-01,7.903316025123230393e-04,5.476937057172421609e-04,0.000000000000000000e+00
4.099999999999999756e-01,8.106334503881068576e-04,-4.976652383144491206e-04,0.000000000000000000e+00
5.100000000000000089e-01,8.297892411918694755e-04,5.226003814069780668e-04,0.000000000000000000e+00
5.899999999999999689e-01,8.435637293234404810e-04,2.553462054791901859e-04,0.000000000000000000e+00
6.700000000000000400e-01,8.638359467499773237e-04,1.213844721937677311e-04,0.000000000000000000e+00
7.500000000000000000e-01,8.769718960569272692e-04,7.537726106220481431e-04,0.000000000000000000e+00
8.499999999999999778e-01,8.959742117092273084e-04,7.263759573679676954e-05,0.000000000000000000e+00
9.200000000000000400e-01,9.087614382416314696e-04,-4.731731984993978180e-04,0.000000000000000000e+00
1.000000000000000000e+00,9.233287669987294555e-04,-4.879956003346011149e-04,0.000000000000000000e+00
1.080000000000000071e+00,9.399783220653545879e-04,1.732947262796943151e-04,0.000000000000000000e+00
1.149999999999999911e+00,9.527941475846735120e-04,6.223752228025828781e-05,0.000000000000000000e+00
1.229999999999999982e+00,9.649897178871796877e-04,-4.750235065049877815e-04,0.000000000000000000e+00
1.310000000000000053e+00,9.828303330011445293e-04,6.050735696833801393e-04,0.000000000000000000e+00
1.379999999999999893e+00,9.942678133254556627e-04,-4.883324385289113849e-04,0.000000000000000000e+00
1.459999999999999964e+00,1.010446467037698359e-03,1.728089030540602851e-05,0.000000000000000000e+00
1.540000000000000036e+00,1.027651565707513037e-03,3.854366069618876656e-04,0.000000000000000000e+00
1.620000000000000107e+00,1.040867941973153132e-03,6.326743520830214367e-04,0.000000000000000000e+00
1.689999999999999947e+00,1.051784866876945279e-03,1.746532485962908065e-04,0.000000000000000000e+00
1.780000000000000027e+00,1.072194601335688113e-03,1.243192135244531780e-04,0.000000000000000000e+00
1.850000000000000089e+00,1.084038743851226116e-03,2.058035134225385347e-05,0.000000000000000000e+00
1.929999999999999938e+00,1.098945243647481140e-03,2.305136212220426997e-04,0.000000000000000000e+00
2.000000000000000000e+00,1.114917755603600513e-03,2.202240603104734505e-04,0.000000000000000000e+00
2.080000000000000071e+00,1.129358169907890286e-03,2.306947416232296082e-04,0.000000000000000000e+00
2.149999999999999911e+00,1.141394253601893394e-03,-4.258649433959197338e-04,0.000000000000000000e+00
2.229999999999999982e+00,1.153915318219039809e-03,1.550170115829802313e-04,0.000000000000000000e+00
2.319999999999999840e+00,1.173654582158248361e-03,1.210975318752053736e-04,0.000000000000000000e+00
2.390000000000000124e+00,1.187847372957198666e-03,-7.386119155281856185e-04,0.000000000000000000e+00
2.470000000000000195e+00,1.200374156845110396e-03,6.104625447153473020e-05,0.000000000000000000e+00
2.560000000000000053e+00,1.218960743484820419e-03,1.719461616866335880e-05,0.000000000000000000e+00
2.640000000000000124e+00,1.230744874822609081e-03,2.281751086958084336e-04,0.000000000000000000e+00
2.720000000000000195e+00,1.249944984154996441e-03,1.280082427627983466e-04,0.000000000000000000e+00
2.799999999999999822e+00,1.260135145892404829e-03,-5.974910707953859541e-05,0.000000000000000000e+00
2.879999999999999893e+00,1.279604813835613641e-03,5.631108300686799364e-04,0.000000000000000000e+00
2.950000000000000178e+00,1.292906520364192624e-03,6.018290632205525458e-05,0.000000000000000000e+00
3.040000000000000036e+00,1.311316632812517535e-03,3.876770716681594798e-04,0.000000000000000000e+00
3.120000000000000107e+00,1.326194613453679505e-03,2.182225836660349764e-04,0.000000000000000000e+00
3.200000000000000178e+00,1.337900860914620349e-03,2.307280359208836490e-04,0.000000000000000000e+00
3.259999999999999787e+00,1.352556058745929546e-03,-1.453759447372489041e-04,0.000000000000000000e+00
3.339999999999999858e+00,1.357830950662608505e-03,-4.636297357558082370e-04,0.000000000000000000e+00
3.390000000000000124e+00,1.375616575987809176e-03,6.067101908789671158e-05,0.000000000000000000e+00
3.459999999999999964e+00,1.388858478402685281e-03,4.276181635995854281e-04,0.000000000000000000e+00
3.540000000000000036e+00,1.404318776722104922e-03,1.036914881759990896e-04,0.000000000000000000e+00
3.620000000000000107e+00,1.420584708129279949e-03,5.226256604396398034e-04,0.000000000000000000e+00
3.689999999999999947e+00,1.431894874000000373e-03,3.052144340856299039e-04,0.000000000000000000e+00
3.770000000000000018e+00,1.447924730574534635e-03,-5.347454252497019651e-05,0.000000000000000000e+00
3.839999999999999858e+00,1.458822617646002295e-03,6.553869502977245881e-05,0.000000000000000000e+00
3.899999999999999911e+00,1.471390724196927624e-03,2.350767264390505392e-04,0.000000000000000000e+00
3.970000000000000195e+00,1.485250650378563964e-03,1.167122539710619441e-04,0.000000000000000000e+00
4.049999999999999822e+00,1.501490421381840301e-03,2.927633323601022817e-06,0.000000000000000000e+00
4.129999999999999893e+00,1.512939592655998533e-03,1.148129550718619943e-04,0.000000000000000000e+00
4.209999999999999964e+00,1.531554797996270700e-03,5.932954614900903681e-04,0.000000000000000000e+00
4.290000000000000036e+00,1.545047610513855529e-03,2.306970452510830765e-04,0.000000000000000000e+00
4.360000000000000320e+00,1.557155553994146735e-03,-5.039215665989197485e-04,0.000000000000000000e+00
4.440000000000000391e+00,1.589949041697139021e-03,6.551230005526899151e-04,0.000000000000000000e+00
4.519999999999999574e+00,1.630411574865126001e-03,3.367007824065203756e-04,0.000000000000000000e+00
4.599999999999999645e+00,1.640259359336856959e-03,-7.649904749139225385e-04,0.000000000000000000e+00
4.669999999999999929e+00,1.665249866639656462e-03,6.302039044419729995e-04,0.000000000000000000e+00
4.750000000000000000e+00,1.679719544859889502e-03,1.193021398195188006e-04,0.000000000000000000e+00
4.839999999999999858e+00,1.693988900594425862e-03,5.775146066120844576e-04,0.000000000000000000e+00
4.919999999999999929e+00,1.709511362089424780e-03,5.256332236542352824e-04,0.000000000000000000e+00
5.009999999999999787e+00,1.336132880901369502e-03,-8.067004794886585605e-04,0.000000000000000000e+00
5.080000000000000071e+00,1.336172288512599282e-03,-2.639508510745219383e-05,0.000000000000000000e+00
5.160000000000000142e+00,1.340010180178652366e-03,-1.214708973265648737e-04,0.000000000000000000e+00
5.250000000000000000e+00,1.336635981898620651e-03,5.521108159775972151e-05,0.000000000000000000e+00
5.320000000000000284e+00,1.336972148593046361e-03,-5.049698724980547851e-05,0.000000000000000000e+00
5.400000000000000355e+00,1.345716848884570549e-03,1.637600479786342669e-04,0.000000000000000000e+00
5.490000000000000213e+00,1.365204262809102675e-03,6.180944458053355131e-05,0.000000000000000000e+00
5.559999999999999609e+00,1.378660010831811444e-03,5.633912761120236532e-04,0.000000000000000000e+00
5.650000000000000355e+00,1.396310505429057547e-03,6.157291205295727316e-05,0.000000000000000000e+00
5.719999999999999751e+00,1.406666442126738858e-03,5.347268762061206692e-05,0.000000000000000000e+00
5.799999999999999822e+00,1.414297014515716877e-03,1.485846541285580679e-04,0.000000000000000000e+00
5.879999999999999893e+00,1.426198922242202793e-03,2.101162727052340647e-04,0.000000000000000000e+00
5.950000000000000178e+00,1.440631273373058074e-03,5.862773744003736166e-04,0.000000000000000000e+00
6.040000000000000036e+00,1.447582237966427154e-03,8.384712046368137360e-05,0.000000000000000000e+00
6.120000000000000107e+00,1.454115488413162960e-03,1.585567602770013664e-04,0.000000000000000000e+00
6.209999999999999964e+00,1.473956920830674089e-03,2.315486910062877117e-04,0.000000000000000000e+00
6.280000000000000249e+00,1.497143214719928728e-03,-3.852099807651451139e-04,0.000000000000000000e+00
6.360000000000000320e+00,1.517706352060471664e-03,9.309005334380770439e-04,0.000000000000000000e+00
6.440000000000000391e+00,1.538346591707970279e-03,1.704044925943547142e-03,0.000000000000000000e+00
6.519999999999999574e+00,1.571084206119829907e-03,-2.306523499013752893e-04,0.000000000000000000e+00
6.599999999999999645e+00,1.596587675640165349e-03,9.168267937064713494e-04,0.000000000000000000e+00
6.679999999999999716e+00,1.634164880509256235e-03,9.339505687403640635e-04,0.000000000000000000e+00
6.759999999999999787e+00,1.654829614853123299e-03,-1.015573515432122414e-04,0.000000000000000000e+00
6.839999999999999858e+00,1.683900163189464005e-03,-2.279394778879623574e-04,0.000000000000000000e+00
6.919999999999999929e+00,1.708358421218608703e-03,-2.427392450635577252e-04,0.000000000000000000e+00
7.000000000000000000e+00,1.735056563063358537e-03,-3.294603117505337064e-04,0.000000000000000000e+00
7.089999999999999858e+00,1.762122568101001652e-03,-1.435902278189095697e-04,0.000000000000000000e+00
7.169999999999999929e+00,1.773650512966629123e-03,-6.537716401105099116e-05,0.000000000000000000e+00
7.250000000000000000e+00,1.787711874169886639e-03,-6.728537169279670289e-05,0.000000000000000000e+00
7.320000000000000284e+00,1.799462370183357862e-03,7.916873208455113033e-04,0.000000000000000000e+00
7.410000000000000142e+00,1.818844902726907131e-03,7.684489047331499690e-04,0.000000000000000000e+00
7.490000000000000213e+00,1.828860039735855092e-03,-3.622233596234023645e-05,0.000000000000000000e+00
7.559999999999999609e+00,1.834733160555379605e-03,-1.960152112841046727e-04,0.000000000000000000e+00
7.650000000000000355e+00,1.848517341923289203e-03,3.046725302270322290e-04,0.000000000000000000e+00
7.719999999999999751e+00,1.879222685654755032e-03,1.036814050073813420e-03,0.000000000000000000e+00
7.809999999999999609e+00,1.917040987565996057e-03,8.754548720844636820e-04,0.000000000000000000e+00
7.889999999999999680e+00,1.939304943157749150e-03,2.516817628493747249e-04,0.000000000000000000e+00
7.959999999999999964e+00,1.956223902698242534e-03,2.147319492900620999e-04,0.000000000000000000e+00
8.039999999999999147e+00,1.972013508613909560e-03,9.048887043131096384e-04,0.000000000000000000e+00
8.119999999999999218e+00,2.014150648244700248e-03,1.207604721175639748e-03,0.000000000000000000e+00
8.210000000000000853e+00,2.012773201448159188e-03,3.417229760652222776e-04,0.000000000000000000e+00
8.279999999999999361e+00,1.221867556034275659e-03,-1.784249681946949986e-03,0.000000000000000000e+00
8.369999999999999218e+00,1.190588873942591275e-03,-4.552306362812527738e-04,0.000000000000000000e+00
8.439999999999999503e+00,1.182821096019151530e-03,-9.274126563961121775e-05,0.000000000000000000e+00
8.519999999999999574e+00,1.174441211838295196e-03,-1.530696131108554687e-04,0.000000000000000000e+00
8.599999999999999645e+00,1.175687363562327725e-03,6.813515024206423781e-04,0.000000000000000000e+00
8.679999999999999716e+00,1.185365835767837606e-03,1.847497879882253389e-05,0.000000000000000000e+00
8.759999999999999787e+00,1.207185007240166308e-03,7.465614125125768011e-04,0.000000000000000000e+00
8.839999999999999858e+00,1.233151355708256292e-03,-4.680421965975406582e-04,0.000000000000000000e+00
8.919999999999999929e+00,1.256733028894119197e-03,6.292672054689274399e-04,0.000000000000000000e+00
8.990000000000000213e+00,1.278810345344313926e-03,4.627321766785953520e-04,0.000000000000000000e+00
9.080000000000000071e+00,1.264561663937333047e-03,3.946468260259181800e-07,0.000000000000000000e+00
9.150000000000000355e+00,1.258564729318553677e-03,-1.387678039317928082e-04,0.000000000000000000e+00
9.230000000000000426e+00,1.252469799797845118e-03,-1.166401515606831741e-04,0.000000000000000000e+00
9.310000000000000497e+00,1.244510199695403330e-03,-8.139375427867059454e-05,0.000000000000000000e+00
9.380000000000000782e+00,1.235101307097377643e-03,-9.262223078207896198e-05,0.000000000000000000e+00
9.470000000000000639e+00,1.237880019674411636e-03,1.329526347041960852e-04,0.000000000000000000e+00
9.550000000000000711e+00,1.244008855341163788e-03,9.222672519515884152e-05,0.000000000000000000e+00
9.630000000000000782e+00,1.248854497356344240e-03,1.202358499819525080e-05,0.000000000000000000e+00
9.699999999999999289e+00,1.255464992678353986e-03,2.265801700772979643e-04,0.000000000000000000e+00
9.779999999999999361e+00,1.262409953232304649e-03,-3.905487592262358643e-05,0.000000000000000000e+00
9.869999999999999218e+00,1.268092555363503626e-03,-1.127221776480194867e-04,0.000000000000000000e+00
9.949999999999999289e+00,1.277173210559340299e-03,8.805118751247507144e-05,0.000000000000000000e+00
1.001999999999999957e+01,1.284313493776848003e-03,-1.288581630959706535e-04,0.000000000000000000e+00
1.010999999999999943e+01,1.308386495559504814e-03,5.218940781747614379e-04,0.000000000000000000e+00
1.018999999999999950e+01,1.326732558836377085e-03,-6.525031640646079248e-05,0.000000000000000000e+00
1.025999999999999979e+01,1.347988272253519693e-03,7.070157348745718592e-04,0.000000000000000000e+00
1.034999999999999964e+01,1.367054376369664093e-03,1.536284477016411679e-04,0.000000000000000000e+00
1.042999999999999972e+01,1.374883667498716378e-03,4.613337047537504845e-05,0.000000000000000000e+00
1.051999999999999957e+01,1.384812440708663162e-03,-7.486372291002502946e-04,0.000000000000000000e+00
1.058999999999999986e+01,1.396786413248071734e-03,1.797676343964069634e-04,0.000000000000000000e+00
1.066999999999999993e+01,1.400487054408081078e-03,-4.358946150669109070e-05,0.000000000000000000e+00
1.075000000000000000e+01,1.426499678408049698e-03,3.053006381535392833e-04,0.000000000000000000e+00
1.083000000000000007e+01,1.443768819746102383e-03,1.578085652308020207e-05,0.000000000000000000e+00
1.091000000000000014e+01,1.455129449861244928e-03,2.889068846787892796e-05,0.000000000000000000e+00
1.099000000000000021e+01,1.463104738891982115e-03,9.787596280844377834e-05,0.000000000000000000e+00
1.106000000000000050e+01,1.469247228720951814e-03,2.879667417363631333e-05,0.000000000000000000e+00
1.114000000000000057e+01,1.482198870529416457e-03,2.041314142125031652e-04,0.000000000000000000e+00
1.122000000000000064e+01,1.494368216066119248e-03,2.545663716849159877e-04,0.000000000000000000e+00
1.130000000000000071e+01,1.510514664293916010e-03,7.190853501157159914e-04,0.000000000000000000e+00
1.139000000000000057e+01,1.532542060790467731e-03,1.254889916075712709e-04,0.000000000000000000e+00
1.146000000000000085e+01,1.540024112797105937e-03,1.216098338637244694e-04,0.000000000000000000e+00
1.155000000000000071e+01,1.551133995475420524e-03,1.696594541790753807e-04,0.000000000000000000e+00
1.161999999999999922e+01,1.558157661071063460e-03,1.232097170921940207e-04,0.000000000000000000e+00
1.171000000000000085e+01,1.568794068190423885e-03,9.784884686591206130e-05,0.000000000000000000e+00
1.178999999999999915e+01,1.576581327004972222e-03,2.176113280564509627e-05,0.000000000000000000e+00
1.186999999999999922e+01,1.580773162548301802e-03,8.594411005278760490e-05,0.000000000000000000e+00
1.194999999999999929e+01,1.586338836609066383e-03,4.526429468879123786e-05,0.000000000000000000e+00
1.202999999999999936e+01,1.591896784859561653e-03,1.487317982823191365e-04,0.000000000000000000e+00
1.210999999999999943e+01,1.599278154586367129e-03,5.856048243927775530e-04,0.000000000000000000e+00
1.218999999999999950e+01,1.610356032487519906e-03,6.112212513071892594e-04,0.000000000000000000e+00
1.227999999999999936e+01,1.619466423972315550e-03,-1.092116710410666245e-05,0.000000000000000000e+00
1.234999999999999964e+01,1.623461332820638758e-03,6.288353293649849443e-05,0.000000000000000000e+00
1.242999999999999972e+01,1.627275042609344080e-03,3.933462894378515458e-05,0.000000000000000000e+00
1.250999999999999979e+01,1.624764919407051256e-03,-3.074060980194486816e-05,0.000000000000000000e+00
1.258999999999999986e+01,1.621091835570340201e-03,4.503957567551180425e-05,0.000000000000000000e+00
1.266999999999999993e+01,1.623093342132009287e-03,7.950826257856717779e-05,0.000000000000000000e+00
1.275000000000000000e+01,1.625780373187946104e-03,5.398119996795793364e-05,0.000000000000000000e+00
1.283000000000000007e+01,1.625105552443689705e-03,-2.229554925670435180e-04,0.000000000000000000e+00
1.291000000000000014e+01,1.638226044944901538e-03,1.431180863543714287e-04,0.000000000000000000e+00
1.299000000000000021e+01,1.649510691022246234e-03,-4.014364356062056442e-04,0.000000000000000000e+00
1.306000000000000050e+01,1.662684208296072441e-03,3.305287306894752518e-04,0.000000000000000000e+00
1.314000000000000057e+01,1.673268398303895399e-03,5.550628007717358460e-05,0.000000000000000000e+00
1.322000000000000064e+01,1.681742170089248201e-03,1.432523162046324546e-04,0.000000000000000000e+00
1.331000000000000050e+01,1.696050855875180785e-03,-5.073369108985047865e-04,0.000000000000000000e+00
1.338000000000000078e+01,1.708655207194015313e-03,8.342825280736809940e-05,0.000000000000000000e+00
1.346000000000000085e+01,1.716643415939064776e-03,5.556645701988645629e-05,0.000000000000000000e+00
1.353999999999999915e+01,1.725738285428143892e-03,9.033428858722370423e-05,0.000000000000000000e+00
1.361999999999999922e+01,1.740748493693627941e-03,2.089008487486925935e-04,0.000000000000000000e+00
1.369999999999999929e+01,1.745830978233414710e-03,4.008357007603772230e-05,0.000000000000000000e+00
1.375000000000000000e+01,1.759311218616180228e-03,1.338233403203836183e-04,0.000000000000000000e+00
1.382000000000000028e+01,1.765915459428266110e-03,9.717020615145321441e-05,0.000000000000000000e+00
1.390000000000000036e+01,1.773699392201968927e-03,5.972440008090885034e-04,0.000000000000000000e+00
1.397000000000000064e+01,1.790924908086549694e-03,3.864900250100525086e-05,0.000000000000000000e+00
1.405000000000000071e+01,1.802162123413733608e-03,1.323844062783475649e-04,0.000000000000000000e+00
1.413000000000000078e+01,1.809328856595460167e-03,8.746732013919520439e-05,0.000000000000000000e+00
1.419999999999999929e+01,1.821930830138249191e-03,4.197437538747074339e-05,0.000000000000000000e+00
1.427999999999999936e+01,1.835357736585316313e-03,6.004028646850178034e-04,0.000000000000000000e+00
1.435999999999999943e+01,1.845592585385413820e-03,9.570915550111272008e-05,0.000000000000000000e+00
1.443999999999999950e+01,1.852605793490905151e-03,1.312598689919094346e-04,0.000000000000000000e+00
1.451999999999999957e+01,1.864072242050707207e-03,3.310345012141326592e-04,0.000000000000000000e+00
1.459999999999999964e+01,1.877672365524718501e-03,3.281716226577707611e-04,0.000000000000000000e+00
1.467999999999999972e+01,1.890814795811116000e-03,9.037633260730196054e-05,0.000000000000000000e+00
1.475000000000000000e+01,1.898525345196466763e-03,1.500580568972824911e-04,0.000000000000000000e+00
1.482000000000000028e+01,1.905424463874247354e-03,-4.045641117248975605e-04,0.000000000000000000e+00
1.490000000000000036e+01,1.919416760361156160e-03,2.107436050904385816e-04,0.000000000000000000e+00
1.497000000000000064e+01,1.932329811987681945e-03,1.439734797406960743e-04,0.000000000000000000e+00
1.505000000000000071e+01,1.941987129940203616e-03,9.717739248589184480e-05,0.000000000000000000e+00
1.513000000000000078e+01,1.948256055597105685e-03,5.675295101444266006e-05,0.000000000000000000e+00
1.521000000000000085e+01,1.965852898591649578e-03,1.096880362937028631e-04,0.000000000000000000e+00
1.528999999999999915e+01,1.976707408386693676e-03,1.425850540148996268e-04,0.000000000000000000e+00
1.535999999999999943e+01,1.984022231649215651e-03,1.489984763637876481e-04,0.000000000000000000e+00
1.543999999999999950e+01,1.990991806215675064e-03,-1.416076775330546320e-05,0.000000000000000000e+00
1.551999999999999957e+01,2.010062147894162154e-03,1.329398187426667312e-04,0.000000000000000000e+00
1.559999999999999964e+01,2.019742911329155954e-03,9.886721498888223383e-05,0.000000000000000000e+00
1.567999999999999972e+01,2.030445592060795001e-03,1.487208253216095290e-04,0.000000000000000000e+00
1.575999999999999979e+01,2.037213964798931243e-03,-3.970057035667671000e-04,0.000000000000000000e+00
1.583999999999999986e+01,2.053782391121597439e-03,3.358976364200347948e-05,0.000000000000000000e+00
1.591000000000000014e+01,2.065628418257747789e-03,5.106203597696537793e-05,0.000000000000000000e+00
1.599000000000000021e+01,2.073075209977029432e-03,1.500096360533284079e-04,0.000000000000000000e+00
1.607000000000000028e+01,2.080414008262532199e-03,1.146887532154607027e-04,0.000000000000000000e+00
1.614000000000000057e+01,2.095495499051386323e-03,2.107166293155808817e-04,0.000000000000000000e+00
1.621999999999999886e+01,2.108876681134908004e-03,1.425923598592476315e-04,0.000000000000000000e+00
1.630000000000000071e+01,2.115419757491701636e-03,1.508082071992260622e-04,0.000000000000000000e+00
1.637999999999999901e+01,2.126687800133975070e-03,-3.994484298780930304e-04,0.000000000000000000e+00
1.644999999999999929e+01,2.139385143321126392e-03,5.898643554493032942e-04,0.000000000000000000e+00
1.653999999999999915e+01,2.152411331723474985e-03,9.135272594538758611e-05,0.000000000000000000e+00
1.660999999999999943e+01,2.159089368702335476e-03,1.343502150862530475e-04,0.000000000000000000e+00
1.669000000000000128e+01,2.171033077381451237e-03,3.274054233979599893e-04,0.000000000000000000e+00
1.676999999999999957e+01,2.183283642260211432e-03,3.285986733991251856e-04,0.000000000000000000e+00
1.685000000000000142e+01,2.197800569644567381e-03,5.107318473550497332e-05,0.000000000000000000e+00
1.692999999999999972e+01,2.205000214211660925e-03,1.486645112596887306e-04,0.000000000000000000e+00
1.701000000000000156e+01,2.215900763771858073e-03,5.792220209793161627e-04,0.000000000000000000e+00
1.708999999999999986e+01,2.229973467987589331e-03,1.298271929607762117e-04,0.000000000000000000e+00
1.717000000000000171e+01,2.240126335310843597e-03,1.457027207772394024e-04,0.000000000000000000e+00
1.723999999999999844e+01,2.248146447425186656e-03,1.490179124904433806e-04,0.000000000000000000e+00
1.732000000000000028e+01,2.259368161033212252e-03,4.038756840345216571e-05,0.000000000000000000e+00
1.739999999999999858e+01,2.272434916388121895e-03,-3.853028776501681084e-04,0.000000000000000000e+00
1.748000000000000043e+01,2.287495348743728840e-03,1.474253595076377898e-04,0.000000000000000000e+00
1.755000000000000071e+01,2.293142975637943448e-03,9.870703162866633577e-05,0.000000000000000000e+00
1.760000000000000142e+01,2.299066125588444809e-03,1.434888568167340102e-04,0.000000000000000000e+00
1.767000000000000171e+01,2.309906880479842273e-03,-4.013461111790256374e-04,0.000000000000000000e+00
1.775000000000000000e+01,2.327054604326181386e-03,2.805491285988152448e-04,0.000000000000000000e+00
1.782999999999999829e+01,2.335025000211668478e-03,1.504586391829614575e-04,0.000000000000000000e+00
1.791000000000000014e+01,2.345275631725651788e-03,9.017323750848156973e-05,0.000000000000000000e+00
1.798999999999999844e+01,2.357106265845232418e-03,4.209660075518395326e-05,0.000000000000000000e+00
1.807000000000000028e+01,2.368393215353897796e-03,-4.878091831973969407e-04,0.000000000000000000e+00
1.814999999999999858e+01,2.382036740523188478e-03,1.506467939619268780e-04,0.000000000000000000e+00
1.823000000000000043e+01,2.385696491760166960e-03,1.312685940125849469e-04,0.000000000000000000e+00
1.830000000000000071e+01,2.401904325761372583e-03,5.732821028489180123e-04,0.000000000000000000e+00
1.839000000000000057e+01,2.418459363044009325e-03,-1.076696265419493871e-04,0.000000000000000000e+00
1.846000000000000085e+01,2.425862247941362737e-03,1.504646514256893254e-04,0.000000000000000000e+00
1.855000000000000071e+01,2.436113296520159288e-03,9.017657731299669579e-05,0.000000000000000000e+00
1.862000000000000099e+01,2.447944020376194296e-03,4.210400380483078116e-05,0.000000000000000000e+00
1.869999999999999929e+01,2.460387366771704665e-03,5.777437028244203267e-04,0.000000000000000000e+00
1.878999999999999915e+01,2.472102319870245202e-03,1.341240341655283491e-04,0.000000000000000000e+00
1.885000000000000142e+01,2.480363664492474252e-03,9.137016190154020326e-05,0.000000000000000000e+00
1.892999999999999972e+01,2.490562922238731547e-03,2.090672482842393146e-04,0.000000000000000000e+00
1.900000000000000000e+01,2.503848505441830241e-03,4.299700584315878339e-05,0.000000000000000000e+00
1.908999999999999986e+01,2.517232317731737945e-03,1.505377969958884333e-04,0.000000000000000000e+00
1.916000000000000014e+01,2.523816653485971839e-03,9.755876944493241452e-05,0.000000000000000000e+00
1.923999999999999844e+01,2.535983394390664558e-03,2.090677422544078760e-04,0.000000000000000000e+00
1.932000000000000028e+01,2.551277469639748330e-03,-4.852041497816930553e-04,0.000000000000000000e+00
1.939999999999999858e+01,2.560383494621967793e-03,8.945979604554332438e-05,0.000000000000000000e+00
1.948000000000000043e+01,2.571113359234877827e-03,1.444442929120468868e-04,0.000000000000000000e+00
1.955999999999999872e+01,2.582425053272732751e-03,-4.012946136190394882e-04,0.000000000000000000e+00
1.964000000000000057e+01,2.594904826830141120e-03,2.142153189980029748e-04,0.000000000000000000e+00
1.971000000000000085e+01,2.606582474724492005e-03,9.980456022245922461e-05,0.000000000000000000e+00
1.978999999999999915e+01,2.615177007976532408e-03,8.734569418300746171e-05,0.000000000000000000e+00
1.987000000000000099e+01,2.629584496413747696e-03,2.089684793398180777e-04,0.000000000000000000e+00
1.996999999999999886e+01,2.643617713669985103e-03,3.330737400477531409e-04,0.000000000000000000e+00
2.003999999999999915e+01,2.652590295177364998e-03,5.562581736645152357e-05,0.000000000000000000e+00
2.010999999999999943e+01,2.659564530721830744e-03,9.713051313645098715e-05,0.000000000000000000e+00
2.017999999999999972e+01,2.671889316157999295e-03,-4.013922671059122938e-04,0.000000000000000000e+00
2.026000000000000156e+01,4.647351812851474584e-03,1.570136580560166639e-01,6.000000000000000000e+00
2.032000000000000028e+01,2.391581708875037404e-02,5.236562246439857571e-01,6.000000000000000000e+00
2.039000000000000057e+01,7.536720689717088528e-02,9.341749324634792684e-01,6.000000000000000000e+00
2.046999999999999886e+01,1.608970553163742156e-01,1.335135112649894484e+00,6.000000000000000000e+00
2.053999999999999915e+01,2.500187417042758486e-01,1.629706841656428651e+00,6.000000000000000000e+00
2.062000000000000099e+01,4.327526925023615356e-01,2.123455495323494091e+00,6.000000000000000000e+00
2.069000000000000128e+01,5.802823516218259536e-01,2.405039634612651245e+00,6.000000000000000000e+00
2.076999999999999957e+01,7.581792186641899134e-01,2.667413156992104906e+00,6.000000000000000000e+00
2.085000000000000142e+01,1.020465193163407891e+00,2.960260819279215916e+00,6.000000000000000000e+00
2.092000000000000171e+01,1.234409861353468196e+00,3.145174319335953150e+00,6.000000000000000000e+00
2.098999999999999844e+01,1.450453516198362713e+00,3.297949890720641708e+00,6.000000000000000000e+00
2.107000000000000028e+01,1.720779780702897055e+00,3.453800940404314179e+00,6.000000000000000000e+00
2.114000000000000057e+01,1.938251958214179949e+00,3.557460667517351460e+00,6.000000000000000000e+00
2.121999999999999886e+01,2.268112891578645041e+00,3.686628875603264799e+00,6.000000000000000000e+00
2.130000000000000071e+01,2.517907464071665657e+00,3.766810474613370818e+00,6.000000000000000000e+00
2.137000000000000099e+01,2.826498537760793184e+00,3.849431700692606206e+00,6.000000000000000000e+00
2.144000000000000128e+01,3.039597846619117139e+00,3.897773546537722567e+00,6.000000000000000000e+00
2.150000000000000000e+01,3.310453380831041237e+00,3.950887772233015571e+00,6.000000000000000000e+00
2.157000000000000028e+01,3.624718522430089962e+00,4.003060388686163762e+00,6.000000000000000000e+00
2.164999999999999858e+01,3.950116574229567412e+00,3.517752423395567263e+00,6.000000000000000000e+00
2.171999999999999886e+01,4.143871987071105600e+00,2.886156850764796999e+00,6.000000000000000000e+00
2.180000000000000071e+01,4.331798060155371388e+00,2.895175535403853750e+00,6.000000000000000000e+00
2.187000000000000099e+01,4.535356533294602421e+00,2.751203703730018102e+00,6.000000000000000000e+00
2.194999999999999929e+01,4.776420611440056696e+00,2.507632448158258143e+00,6.000000000000000000e+00
2.201999999999999957e+01,4.950505505650736104e+00,2.407491539544051484e+00,6.000000000000000000e+00
2.210000000000000142e+01,5.105379604853379938e+00,2.376244550400454347e+00,6.000000000000000000e+00
2.217000000000000171e+01,5.272516847294016706e+00,2.407157574939877254e+00,6.000000000000000000e+00
2.225000000000000000e+01,5.513926339736828552e+00,2.413324862359464085e+00,6.000000000000000000e+00
2.232999999999999829e+01,5.641268708821643330e+00,1.996820326419878056e+00,6.000000000000000000e+00
2.239999999999999858e+01,5.793373693717953188e+00,1.966930755220249294e+00,6.000000000000000000e+00
2.248000000000000043e+01,5.953557320897858496e+00,1.896034544758454787e+00,6.000000000000000000e+00
2.255000000000000071e+01,6.073498274790653184e+00,1.829998209257357900e+00,6.000000000000000000e+00
2.262000000000000099e+01,6.188679268439428505e+00,1.745061444622003410e+00,6.000000000000000000e+00
2.269999999999999929e+01,6.321544042802768715e+00,1.703777811209323589e+00,6.000000000000000000e+00
2.276999999999999957e+01,6.424651054888431467e+00,1.678623714170130565e+00,6.000000000000000000e+00
2.285000000000000142e+01,6.570874826032783389e+00,1.629635785280817206e+00,6.000000000000000000e+00
2.294999999999999929e+01,6.654725715654624452e+00,1.634880591136329775e+00,6.000000000000000000e+00
2.301000000000000156e+01,6.824047672145256982e+00,1.572209187066403002e+00,6.000000000000000000e+00
2.305999999999999872e+01,6.901663811611775223e+00,1.565298738863254879e+00,6.000000000000000000e+00
2.314000000000000057e+01,6.992315642133602793e+00,1.641489563094879367e+00,6.000000000000000000e+00
2.321000000000000085e+01,7.154191814120939519e+00,1.773775628939868065e+00,6.000000000000000000e+00
2.328000000000000114e+01,7.276852502120826571e+00,1.836908357077364773e+00,6.000000000000000000e+00
2.335000000000000142e+01,7.391372934095581826e+00,1.927216427979176139e+00,6.000000000000000000e+00
2.342999999999999972e+01,7.543758723314785364e+00,1.962710729909660889e+00,6.000000000000000000e+00
2.350000000000000000e+01,7.697956415099894478e+00,1.989274192622153992e+00,6.000000000000000000e+00
2.357000000000000028e+01,7.808171622366445241e+00,2.054277434110548750e+00,6.000000000000000000e+00
2.366000000000000014e+01,8.013744799455048806e+00,2.108646819509846448e+00,6.000000000000000000e+00
2.371999999999999886e+01,8.110209461344551229e+00,2.221007271667319483e+00,6.000000000000000000e+00
2.380000000000000071e+01,8.342024590458601452e+00,2.274617582226737600e+00,6.000000000000000000e+00
2.387000000000000099e+01,8.463840759855132845e+00,2.288857530683994224e+00,6.000000000000000000e+00
2.394000000000000128e+01,8.618824255168888726e+00,2.305937761979328204e+00,6.000000000000000000e+00
2.401999999999999957e+01,8.828050376556685563e+00,2.422981266139835110e+00,6.000000000000000000e+00
2.410000000000000142e+01,9.016323517074694038e+00,2.581363549963298976e+00,6.000000000000000000e+00
2.417000000000000171e+01,9.166729971423730916e+00,2.687260301112818883e+00,0.000000000000000000e+00
2.423999999999999844e+01,9.404336293346004183e+00,2.258141954538513296e+00,0.000000000000000000e+00
2.432000000000000028e+01,9.546001027892817348e+00,1.921947588838965659e+00,0.000000000000000000e+00
2.439000000000000057e+01,9.683748394669459358e+00,1.604046607402939584e+00,0.000000000000000000e+00
2.446000000000000085e+01,9.771074012426641531e+00,1.364405192973127567e+00,0.000000000000000000e+00
2.453999999999999915e+01,9.858722438067717420e+00,1.072302249677950403e+00,0.000000000000000000e+00
2.462000000000000099e+01,9.944898891292568877e+00,7.538501976004317040e-01,0.000000000000000000e+00
2.469000000000000128e+01,9.990319667559560912e+00,5.662349602658985903e-01,9.000000000000000000e+00
2.476999999999999957e+01,1.003703316728000594e+01,5.226976640041460787e-01,0.000000000000000000e+00
2.483999999999999986e+01,1.006248282715210607e+01,3.743663873187123570e-01,0.000000000000000000e+00
2.491000000000000014e+01,1.008626160526467075e+01,1.890103233839170449e-01,0.000000000000000000e+00
2.498999999999999844e+01,1.009511668791978778e+01,7.421180131199332786e-02,0.000000000000000000e+00
2.505999999999999872e+01,1.009757126055959198e+01,4.678635010847282706e-03,6.000000000000000000e+00
2.514000000000000057e+01,1.011462920990014425e+01,4.377541965928326007e-01,6.000000000000000000e+00
2.521999999999999886e+01,1.016763952669235138e+01,8.973084782294296069e-01,6.000000000000000000e+00
2.528999999999999915e+01,1.023490015180615131e+01,1.229078584185100631e+00,6.000000000000000000e+00
2.537000000000000099e+01,1.036646690091540179e+01,1.447883749592601577e+00,0.000000000000000000e+00
2.542999999999999972e+01,1.044371650013598440e+01,1.202936893157969145e+00,0.000000000000000000e+00
2.551000000000000156e+01,1.053369908584763870e+01,1.248356331568927891e+00,6.000000000000000000e+00
2.558999999999999986e+01,1.064650071209966242e+01,1.610403441773945010e+00,6.000000000000000000e+00
2.566000000000000014e+01,1.077347675238197056e+01,1.626320289173506461e+00,0.000000000000000000e+00
2.573000000000000043e+01,1.086458790062843605e+01,1.382165150805503506e+00,0.000000000000000000e+00
2.580000000000000071e+01,1.093581575597676547e+01,1.184121344975515466e+00,0.000000000000000000e+00
2.587999999999999901e+01,1.102291843284744743e+01,8.455212960205454875e-01,0.000000000000000000e+00
2.594999999999999929e+01,1.108518742591368778e+01,6.473691612540519724e-01,0.000000000000000000e+00
2.601999999999999957e+01,1.112604066101977907e+01,5.565099448308071795e-01,0.000000000000000000e+00
2.608999999999999986e+01,1.116722210957830974e+01,5.088227440873792640e-01,0.000000000000000000e+00
2.617000000000000171e+01,1.119746088576306420e+01,5.177298791717995785e-01,0.000000000000000000e+00
2.625000000000000000e+01,1.124804910501305955e+01,5.580277448545919450e-01,0.000000000000000000e+00
2.632000000000000028e+01,1.129023413144728316e+01,6.137991835156545450e-01,0.000000000000000000e+00
2.639000000000000057e+01,1.133365729339068118e+01,6.622839606233740239e-01,0.000000000000000000e+00
2.646000000000000085e+01,1.138009618418259450e+01,7.081434687893884972e-01,0.000000000000000000e+00
2.653999999999999915e+01,1.144282490365766058e+01,8.130575861654434355e-01,9.000000000000000000e+00
2.660999999999999943e+01,1.150955812512841625e+01,9.347182139332790296e-01,9.000000000000000000e+00
2.669000000000000128e+01,1.158633651394862341e+01,1.042664035035293590e+00,9.000000000000000000e+00
2.675000000000000000e+01,1.164703114881896795e+01,1.105615855313583751e+00,0.000000000000000000e+00
2.682999999999999829e+01,1.173764122661207665e+01,1.164444801732332113e+00,0.000000000000000000e+00
2.689999999999999858e+01,1.182448578024134100e+01,1.193253373022499453e+00,0.000000000000000000e+00
2.696999999999999886e+01,1.190033082386137941e+01,1.195949488447772380e+00,0.000000000000000000e+00
2.705000000000000071e+01,1.200660593179072144e+01,1.199504412592738323e+00,0.000000000000000000e+00
2.712000000000000099e+01,1.210078997580991889e+01,1.184913849165971200e+00,0.000000000000000000e+00
2.719999999999999929e+01,1.216930804457246929e+01,1.187951937084328780e+00,0.000000000000000000e+00
2.726999999999999957e+01,1.225658473182361163e+01,1.190896237552663717e+00,0.000000000000000000e+00
2.733999999999999986e+01,1.236708832274827152e+01,1.195392115739606353e+00,0.000000000000000000e+00
2.741000000000000014e+01,1.243112954527482650e+01,1.213842300063951329e+00,0.000000000000000000e+00
2.748999999999999844e+01,1.252962668941431623e+01,1.197575189706410859e+00,0.000000000000000000e+00
2.755999999999999872e+01,1.260930608851260715e+01,1.223538476287859167e+00,0.000000000000000000e+00
2.762999999999999901e+01,1.270041953069664942e+01,1.207627589616088848e+00,0.000000000000000000e+00
2.769999999999999929e+01,1.279901211195618238e+01,1.222145911526272721e+00,0.000000000000000000e+00
2.776999999999999957e+01,1.287704649189391759e+01,1.231014791865015390e+00,0.000000000000000000e+00
2.785000000000000142e+01,1.295591055006479309e+01,1.234778352478544949e+00,0.000000000000000000e+00
2.791000000000000014e+01,1.305345316548815582e+01,1.250139719006692518e+00,0.000000000000000000e+00
2.800000000000000000e+01,1.317748022715194622e+01,1.334080954730311408e+00,0.000000000000000000e+00
2.805999999999999872e+01,1.325205690302172101e+01,1.384750688006136210e+00,0.000000000000000000e+00
2.812999999999999901e+01,1.335329439568958954e+01,1.422540692522282324e+00,0.000000000000000000e+00
2.819999999999999929e+01,1.347993495294280919e+01,1.493875990830062062e+00,0.000000000000000000e+00
2.826999999999999957e+01,1.356084105958719555e+01,1.508469180234695672e+00,0.000000000000000000e+00
2.833999999999999986e+01,1.368940774686451789e+01,1.567914605906446379e+00,0.000000000000000000e+00
2.841000000000000014e+01,1.378401578544521655e+01,1.596701170887152132e+00,0.000000000000000000e+00
2.848999999999999844e+01,1.392401597610333575e+01,1.654927847066565594e+00,0.000000000000000000e+00
2.855000000000000071e+01,1.403602913200885460e+01,1.697538142555528484e+00,0.000000000000000000e+00
2.862999999999999901e+01,1.413134706562377829e+01,1.708656249821918882e+00,0.000000000000000000e+00
2.869999999999999929e+01,1.426659444895193118e+01,1.753240727634300722e+00,0.000000000000000000e+00
2.876999999999999957e+01,1.438953246508950556e+01,1.699596725521401730e+00,0.000000000000000000e+00
2.883999999999999986e+01,1.452117926335088605e+01,1.552770584227419315e+00,0.000000000000000000e+00
2.891000000000000014e+01,1.463766719066493138e+01,1.431685181698888032e+00,0.000000000000000000e+00
2.898000000000000043e+01,1.472216871220110690e+01,1.367573336698221897e+00,0.000000000000000000e+00
2.905000000000000071e+01,1.483070272936636869e+01,1.141039677098386829e+00,0.000000000000000000e+00
2.912999999999999901e+01,1.489061876329619061e+01,9.666353301832906197e-01,0.000000000000000000e+00
2.919999999999999929e+01,1.495263953624530373e+01,7.613304392609315796e-01,0.000000000000000000e+00
2.926999999999999957e+01,1.500260561798822678e+01,5.584060055068696959e-01,0.000000000000000000e+00
2.933999999999999986e+01,1.504047234716286674e+01,3.479051663614465273e-01,0.000000000000000000e+00
2.941000000000000014e+01,1.505736476933057233e+01,2.004401614152137856e-01,0.000000000000000000e+00
2.948000000000000043e+01,1.507066455698959473e+01,1.955068675780481380e-01,0.000000000000000000e+00
2.955000000000000071e+01,1.508462437318472738e+01,1.319333996416516830e-01,0.000000000000000000e+00
2.962999999999999901e+01,1.509702527587716858e+01,1.967272143977427945e-01,0.000000000000000000e+00
2.969000000000000128e+01,1.510976694816617893e+01,1.967271942068346546e-01,0.000000000000000000e+00
2.976000000000000156e+01,1.512117668775528578e+01,1.187299075570193291e-01,0.000000000000000000e+00
2.982999999999999829e+01,1.513057431171321987e+01,7.685505071069845262e-02,0.000000000000000000e+00
2.989999999999999858e+01,1.513638406282901450e+01,1.761091353158081019e-01,0.000000000000000000e+00
2.998000000000000043e+01,1.515616870607214395e+01,2.558935677514536100e-01,0.000000000000000000e+00
3.003999999999999915e+01,1.517211951276624760e+01,1.781214198032268770e-01,0.000000000000000000e+00
3.010000000000000142e+01,1.518401263808781287e+01,2.730308681859623943e-01,6.000000000000000000e+00
3.017000000000000171e+01,1.522277545034701873e+01,7.186507125241359262e-01,6.000000000000000000e+00
3.026000000000000156e+01,1.531533442681642221e+01,1.229446158858947369e+00,6.000000000000000000e+00
3.030999999999999872e+01,1.537340765443385315e+01,1.437364128616946291e+00,6.000000000000000000e+00
3.033999999999999986e+01,1.542591578570514166e+01,1.597442426336586507e+00,0.000000000000000000e+00
3.042000000000000171e+01,1.554116697538226433e+01,1.354190342313515316e+00,0.000000000000000000e+00
3.048000000000000043e+01,1.561955280805111457e+01,1.171330709944470749e+00,0.000000000000000000e+00
3.055999999999999872e+01,1.570796244487472215e+01,1.145981807112045114e+00,6.000000000000000000e+00
3.062999999999999901e+01,1.580062451211226993e+01,1.326569243491932060e+00,0.000000000000000000e+00
3.069999999999999929e+01,1.587589516134414147e+01,1.165033237539909061e+00,0.000000000000000000e+00
3.076999999999999957e+01,1.596239200266539271e+01,9.681150961157283241e-01,0.000000000000000000e+00
3.082999999999999829e+01,1.601270131244839590e+01,8.369574963335038031e-01,0.000000000000000000e+00
3.089999999999999858e+01,1.606896392378823535e+01,7.194357477114960986e-01,0.000000000000000000e+00
3.096999999999999886e+01,1.611694554520992995e+01,6.038277829984517453e-01,0.000000000000000000e+00
3.103999999999999915e+01,1.614858689344663034e+01,5.323669914314468343e-01,0.000000000000000000e+00
3.110000000000000142e+01,1.617668184563285294e+01,2.410643319512835170e-01,0.000000000000000000e+00
3.117000000000000171e+01,1.618499129250688640e+01,4.223633255586806134e-02,0.000000000000000000e+00
3.123999999999999844e+01,1.618535811878900788e+01,-2.614942014123983568e-05,0.000000000000000000e+00
3.130999999999999872e+01,1.618537769427013373e+01,-1.092730049360556965e-05,0.000000000000000000e+00
3.137999999999999901e+01,1.618539787931857177e+01,8.539926085044438056e-04,0.000000000000000000e+00
3.144999999999999929e+01,1.618541910663434535e+01,2.139664768191614430e-04,0.000000000000000000e+00
3.151999999999999957e+01,1.618543128392025210e+01,1.782372789939089296e-04,0.000000000000000000e+00
3.158999999999999986e+01,1.618544474749812423e+01,1.679899292843019688e-04,0.000000000000000000e+00
3.167000000000000171e+01,1.618546104371856842e+01,2.141581780961555718e-04,0.000000000000000000e+00
3.173000000000000043e+01,1.618547303699816453e+01,1.656062280047689548e-04,0.000000000000000000e+00
3.180000000000000071e+01,1.618548407133271283e+01,1.746258939406874274e-04,0.000000000000000000e+00
3.187000000000000099e+01,1.618549738927051607e+01,1.818224183875559051e-04,0.000000000000000000e+00
3.194000000000000128e+01,1.618551689652928616e+01,8.887081914401280622e-04,0.000000000000000000e+00
3.200999999999999801e+01,1.618553676526562768e+01,7.177715947485770436e-05,0.000000000000000000e+00
3.209000000000000341e+01,1.618555077460796099e+01,1.848217223544768506e-04,0.000000000000000000e+00
3.214000000000000057e+01,1.618556433351215773e+01,8.058219877635842184e-04,0.000000000000000000e+00
3.221999999999999886e+01,1.618558607144176165e+01,5.338978836452416962e-04,0.000000000000000000e+00
3.228999999999999915e+01,1.618560311812047559e+01,-8.700869613051307437e-05,0.000000000000000000e+00
3.235999999999999943e+01,1.618561755350918929e+01,8.736028074490213976e-04,0.000000000000000000e+00
3.242999999999999972e+01,1.618563805830920543e+01,8.724102194282747080e-04,0.000000000000000000e+00
3.250000000000000000e+01,1.618565099796954954e+01,8.920739406389828919e-04,0.000000000000000000e+00
3.256000000000000227e+01,1.618567416955545468e+01,2.171531845272223725e-04,0.000000000000000000e+00
3.264000000000000057e+01,1.618568484592260504e+01,2.302267939498846110e-04,0.000000000000000000e+00
3.271000000000000085e+01,1.618570118155774651e+01,9.326035039583945756e-05,0.000000000000000000e+00
3.278000000000000114e+01,1.618570605450933897e+01,1.543348496932889311e-04,0.000000000000000000e+00
3.285000000000000142e+01,1.618571224049000890e+01,1.403522938974527889e-04,0.000000000000000000e+00
3.292000000000000171e+01,1.618571922771949545e+01,1.450353104373803203e-04,0.000000000000000000e+00
3.299000000000000199e+01,1.618572544155322745e+01,1.622642583565440748e-04,0.000000000000000000e+00
3.307000000000000028e+01,1.618573808434694783e+01,1.130162002133501206e-04,0.000000000000000000e+00
3.313000000000000256e+01,1.618575105855544649e+01,7.865340579514551326e-05,0.000000000000000000e+00
3.377000000000000313e+01,1.618582670893275122e+01,1.551483920121109227e-04,0.000000000000000000e+00
3.384000000000000341e+01,1.618583740220853784e+01,1.178498550718676979e-04,0.000000000000000000e+00
3.392000000000000171e+01,1.618586007361025025e+01,2.633211022094230085e-04,0.000000000000000000e+00
3.397999999999999687e+01,1.618586961591343965e+01,-6.619564742102468109e-04,0.000000000000000000e+00
3.404999999999999716e+01,1.618589311535110298e+01,-4.202822961254241074e-04,0.000000000000000000e+00
3.414999999999999858e+01,1.618591066592991012e+01,8.103697378906895427e-04,0.000000000000000000e+00
3.421000000000000085e+01,1.618593089373517202e+01,-7.064305484787384171e-04,0.000000000000000000e+00
3.425999999999999801e+01,1.618594727605254491e+01,8.392704557536662851e-04,0.000000000000000000e+00
3.432999999999999829e+01,1.618596124933698377e+01,3.528181115746490109e-04,0.000000000000000000e+00
3.439000000000000057e+01,1.618598624508616979e+01,1.582159673843605942e-04,0.000000000000000000e+00
3.446999999999999886e+01,1.618600742730432174e+01,-8.731924358823342795e-05,0.000000000000000000e+00
3.453999999999999915e+01,1.618602602395328915e+01,-5.261832553916600771e-05,0.000000000000000000e+00
3.459000000000000341e+01,1.618604378580734604e+01,8.066883677614931458e-05,0.000000000000000000e+00
3.465999999999999659e+01,1.618606387966064375e+01,4.254701340990709900e-04,0.000000000000000000e+00
3.472999999999999687e+01,1.618608529605771196e+01,1.986293323467627390e-04,0.000000000000000000e+00
3.481000000000000227e+01,1.618611255118117853e+01,-7.005780768391837651e-04,0.000000000000000000e+00
3.486999999999999744e+01,1.618612660671007220e+01,-5.164395367765787451e-04,0.000000000000000000e+00
3.493999999999999773e+01,1.618614856206574260e+01,-8.724784973508901444e-05,0.000000000000000000e+00
3.500999999999999801e+01,1.618616425849046081e+01,-8.549213955290391501e-05,0.000000000000000000e+00
3.507999999999999829e+01,1.618618570938596690e+01,8.054390727526770629e-04,0.000000000000000000e+00
3.514999999999999858e+01,1.618619567424063632e+01,8.951253376070970966e-04,0.000000000000000000e+00
3.522999999999999687e+01,1.618621408272349527e+01,2.185771096731788142e-04,0.000000000000000000e+00
3.529999999999999716e+01,1.618622667727350617e+01,-8.803611696490230430e-05,0.000000000000000000e+00
3.536999999999999744e+01,1.618623285550048507e+01,6.260819413977467148e-05,0.000000000000000000e+00
3.542999999999999972e+01,1.618623741504698899e+01,1.277143374668963504e-04,0.000000000000000000e+00
3.550000000000000000e+01,1.618624411017676579e+01,1.133657532328580676e-04,0.000000000000000000e+00
3.557000000000000028e+01,1.618624832237507860e+01,6.660692970854462591e-05,0.000000000000000000e+00
3.563000000000000256e+01,1.618625678619636332e+01,7.299397665545429339e-06,0.000000000000000000e+00
3.570000000000000284e+01,1.618626837753492964e+01,-6.312952505768554138e-04,0.000000000000000000e+00
3.578000000000000114e+01,1.618628383058674913e+01,1.447725392277247978e-04,0.000000000000000000e+00
3.584000000000000341e+01,1.618628823290820762e+01,1.633563499616168138e-04,0.000000000000000000e+00
3.590999999999999659e+01,1.618629306103716914e+01,7.064669689873952273e-05,0.000000000000000000e+00
3.597999999999999687e+01,1.618629986982749358e+01,1.663402577759126859e-04,0.000000000000000000e+00
3.603999999999999915e+01,1.618630550232589371e+01,6.797496931115335264e-05,0.000000000000000000e+00
3.610999999999999943e+01,1.618631207367238645e+01,1.135642225210362641e-04,0.000000000000000000e+00
3.617000000000000171e+01,1.618631721434828918e+01,6.158327811162175468e-05,0.000000000000000000e+00
3.625000000000000000e+01,1.618632837816880610e+01,5.148074500856359087e-04,0.000000000000000000e+00
3.632000000000000028e+01,1.618633565178205558e+01,5.465573272464815865e-05,0.000000000000000000e+00
3.638000000000000256e+01,1.618634041621042385e+01,1.590842710257145496e-04,0.000000000000000000e+00
3.645000000000000284e+01,1.618634595770941331e+01,7.488289237798295619e-05,0.000000000000000000e+00
3.652000000000000313e+01,1.618635027592401698e+01,-1.590083000628110305e-04,0.000000000000000000e+00
3.659000000000000341e+01,1.618637169729347747e+01,8.898007907033853069e-04,0.000000000000000000e+00
3.664999999999999858e+01,1.618639533789004048e+01,-4.829930684543766906e-04,0.000000000000000000e+00
3.671000000000000085e+01,1.618641358146884812e+01,-5.527511239866917704e-05,0.000000000000000000e+00
3.678999999999999915e+01,1.618643955182415795e+01,7.692212184088879261e-04,0.000000000000000000e+00
3.685000000000000142e+01,1.618645741263071258e+01,8.239434746396905561e-04,0.000000000000000000e+00
3.692000000000000171e+01,1.618646135525429131e+01,1.047321028121253627e-04,0.000000000000000000e+00
3.700000000000000000e+01,1.618646654497131010e+01,6.999284965913463836e-05,0.000000000000000000e+00
3.706000000000000227e+01,1.618646984320125171e+01,7.414838987479051475e-05,0.000000000000000000e+00
3.713000000000000256e+01,1.618648333849320764e+01,6.728688632977246711e-05,0.000000000000000000e+00
3.720000000000000284e+01,1.618650729058903437e+01,2.003895523738989356e-04,0.000000000000000000e+00
3.725999999999999801e+01,1.618652179993064522e+01,1.043619872412407423e-04,0.000000000000000000e+00
3.732999999999999829e+01,1.618653295467577280e+01,1.879211405999382323e-05,0.000000000000000000e+00
3.739999999999999858e+01,1.618654616938026081e+01,-5.917021765537539783e-04,0.000000000000000000e+00
3.746000000000000085e+01,1.618655329742919946e+01,8.922845452352445644e-04,0.000000000000000000e+00
3.753000000000000114e+01,1.618657914522396268e+01,1.947724753703707914e-04,0.000000000000000000e+00
3.760000000000000142e+01,1.618658977526232690e+01,7.003855510869255610e-05,0.000000000000000000e+00
3.765999999999999659e+01,1.618659864903307977e+01,9.320791982829192092e-04,0.000000000000000000e+00
3.774000000000000199e+01,1.618661823174932124e+01,8.417726850644509850e-04,0.000000000000000000e+00
3.781000000000000227e+01,1.618663515063952119e+01,2.286456169199378274e-04,0.000000000000000000e+00
3.789000000000000057e+01,1.618665066166553146e+01,2.251872833345137123e-04,0.000000000000000000e+00
3.793999999999999773e+01,1.618665678241679373e+01,8.810719188646090562e-05,0.000000000000000000e+00
3.800999999999999801e+01,1.618666269905516231e+01,1.464507174907790654e-04,0.000000000000000000e+00
3.807999999999999829e+01,1.618666910976570605e+01,1.452221350427974466e-04,0.000000000000000000e+00
3.814000000000000057e+01,1.618667436595282894e+01,5.242390641503074956e-05,0.000000000000000000e+00
3.820000000000000284e+01,1.618668454802696743e+01,4.224998368356813793e-04,0.000000000000000000e+00
3.828000000000000114e+01,1.618670882621531959e+01,2.998685074810487840e-04,0.000000000000000000e+00
3.835000000000000142e+01,1.618672364205617598e+01,5.102895371720032013e-04,0.000000000000000000e+00
3.842000000000000171e+01,1.618674672350692489e+01,7.676063941490312258e-04,0.000000000000000000e+00
3.850000000000000000e+01,1.618675996878021550e+01,1.853947640484695874e-04,0.000000000000000000e+00
3.857000000000000028e+01,1.618676735462124583e+01,8.547141538412060665e-04,0.000000000000000000e+00
3.864999999999999858e+01,1.618679698942909795e+01,1.299925960737603628e-04,0.000000000000000000e+00
3.872999999999999687e+01,1.618681681734129540e+01,2.041821203265983939e-04,0.000000000000000000e+00
3.878999999999999915e+01,1.618682580808452443e+01,1.854674822738077539e-04,0.000000000000000000e+00
3.885999999999999943e+01,1.618683616481373377e+01,-1.500341258712626388e-04,0.000000000000000000e+00
3.893999999999999773e+01,1.618685411978802335e+01,5.549547198157584035e-04,0.000000000000000000e+00
3.900999999999999801e+01,1.618687106013019772e+01,1.400678314392745922e-04,0.000000000000000000e+00
3.910999999999999943e+01,1.618688948352379242e+01,1.386392052867366372e-04,0.000000000000000000e+00
3.915999999999999659e+01,1.618689628627095090e+01,1.023919729496076427e-04,0.000000000000000000e+00
3.922999999999999687e+01,1.618690305767490045e+01,5.661718404848859777e-05,0.000000000000000000e+00
3.931000000000000227e+01,1.618691128536933022e+01,1.177029785636670746e-04,0.000000000000000000e+00
3.938000000000000256e+01,1.618691728810143715e+01,1.130898613380477215e-04,0.000000000000000000e+00
3.946000000000000085e+01,1.618692597534014865e+01,4.085334435073819021e-04,0.000000000000000000e+00
3.952000000000000313e+01,1.618694471727699025e+01,-6.139786635561775025e-04,0.000000000000000000e+00
3.960999999999999943e+01,1.618697054247689593e+01,9.456539343680012318e-04,0.000000000000000000e+00
3.967999999999999972e+01,1.618699307682348731e+01,7.244513972861591367e-05,0.000000000000000000e+00
3.975000000000000000e+01,1.618700433274008432e+01,6.973849996325710311e-05,0.000000000000000000e+00
3.982000000000000028e+01,1.618700996716582807e+01,2.982412698889300314e-04,0.000000000000000000e+00
3.989999999999999858e+01,1.618703428437935088e+01,7.887182141146190399e-04,0.000000000000000000e+00
3.997999999999999687e+01,1.618705835272918137e+01,2.219980236372400310e-04,0.000000000000000000e+00
4.004999999999999716e+01,1.618707252819866582e+01,1.895346269628586286e-04,0.000000000000000000e+00
4.013000000000000256e+01,1.618708135468920162e+01,-3.345194025491277394e-04,0.000000000000000000e+00
4.020000000000000284e+01,1.618709892384291749e+01,8.980349891365836494e-04,0.000000000000000000e+00
4.027000000000000313e+01,1.618711145086642134e+01,5.266120623915211815e-04,0.000000000000000000e+00
4.034000000000000341e+01,1.618713045044301424e+01,1.852247596446086918e-04,0.000000000000000000e+00
4.039999999999999858e+01,1.618714091762095109e+01,9.287548499482649322e-05,0.000000000000000000e+00
4.046999999999999886e+01,1.618714849083009000e+01,6.294392633214057522e-05,0.000000000000000000e+00
4.053999999999999915e+01,1.618715371111568047e+01,1.468103507546869720e-04,0.000000000000000000e+00
4.060000000000000142e+01,1.618716830974491927e+01,3.712227055371231459e-06,0.000000000000000000e+00
4.067000000000000171e+01,1.618718610696717519e+01,1.719365635252206566e-04,0.000000000000000000e+00
4.075000000000000000e+01,1.618719826511606996e+01,6.637738225912248613e-05,0.000000000000000000e+00
4.082000000000000028e+01,1.618720797146999146e+01,6.665617273520310117e-05,0.000000000000000000e+00
4.089999999999999858e+01,1.618721344304005427e+01,7.377055231895727322e-05,0.000000000000000000e+00
4.099000000000000199e+01,1.618721977652224098e+01,6.154159376857482099e-05,0.000000000000000000e+00
4.106000000000000227e+01,1.618722397600406993e+01,7.118991740357616003e-05,0.000000000000000000e+00
4.113000000000000256e+01,1.618722771461630927e+01,1.691472648427358211e-04,0.000000000000000000e+00
4.121999999999999886e+01,1.618723318186003723e+01,-2.232283789175833365e-05,0.000000000000000000e+00
4.128999999999999915e+01,1.618723679766859291e+01,1.063717846162065214e-04,0.000000000000000000e+00
4.136999999999999744e+01,1.618724165499144618e+01,4.349075391131521800e-05,0.000000000000000000e+00
4.145000000000000284e+01,1.618724622594803364e+01,-1.841795879637644063e-05,0.000000000000000000e+00
4.152000000000000313e+01,1.618724967837922435e+01,8.181333106706704180e-05,0.000000000000000000e+00
4.159000000000000341e+01,1.618725255483981229e+01,4.884842974832361451e-05,0.000000000000000000e+00
4.167000000000000171e+01,1.618725642887854832e+01,7.994325396903562467e-05,0.000000000000000000e+00
4.175999999999999801e+01,1.618726221145578492e+01,6.130018312096050599e-05,0.000000000000000000e+00
4.182999999999999829e+01,1.618726643015715538e+01,-3.058665979849206835e-05,0.000000000000000000e+00
4.190999999999999659e+01,1.618727504542525253e+01,1.912289889080431469e-04,0.000000000000000000e+00
4.199000000000000199e+01,1.618728328812028749e+01,6.037457906668932187e-05,0.000000000000000000e+00
4.206000000000000227e+01,1.618728858357564349e+01,1.512243983026791019e-04,0.000000000000000000e+00
4.214000000000000057e+01,1.618729459597866338e+01,8.315253308059783184e-05,0.000000000000000000e+00
4.221999999999999886e+01,1.618730353273593181e+01,6.440227046844890463e-05,0.000000000000000000e+00
4.228999999999999915e+01,1.618731310138034019e+01,-6.412044385517961511e-04,0.000000000000000000e+00
4.236999999999999744e+01,1.618733714185254513e+01,3.069026966510666511e-04,0.000000000000000000e+00
4.245000000000000284e+01,1.618735813956337566e+01,-7.455946856779163863e-05,0.000000000000000000e+00
4.252000000000000313e+01,1.618737061107411890e+01,8.663026721135679269e-04,0.000000000000000000e+00
4.260000000000000142e+01,1.618739002713149944e+01,2.077701064746785998e-05,0.000000000000000000e+00
4.267000000000000171e+01,1.618741091838004564e+01,8.675187573976473774e-04,0.000000000000000000e+00
4.274000000000000199e+01,1.618743840880900819e+01,-5.585459103067702704e-05,0.000000000000000000e+00
4.282000000000000028e+01,1.618745982661718941e+01,8.472712621632255085e-04,0.000000000000000000e+00
4.289000000000000057e+01,1.618747395711051240e+01,1.930651825959228338e-04,0.000000000000000000e+00
4.296999999999999886e+01,1.618749297910989071e+01,2.202413014107194975e-04,0.000000000000000000e+00
4.304999999999999716e+01,1.618750958487930802e+01,1.200444744335580640e-04,0.000000000000000000e+00
4.311999999999999744e+01,1.618751933681266308e+01,5.179395923785322836e-05,0.000000000000000000e+00
4.318999999999999773e+01,1.618753760624156968e+01,8.860356634507037411e-04,0.000000000000000000e+00
4.325999999999999801e+01,1.618755517627937124e+01,8.623644980196842067e-04,0.000000000000000000e+00
4.332999999999999829e+01,1.618757356936511371e+01,1.397645259455863843e-04,0.000000000000000000e+00
4.342000000000000171e+01,1.618759837960867998e+01,1.528753799809825131e-04,0.000000000000000000e+00
4.349000000000000199e+01,1.618761875198325129e+01,8.728699752175312623e-04,0.000000000000000000e+00
4.356000000000000227e+01,1.618763953476112150e+01,4.648255583113878806e-04,0.000000000000000000e+00
4.363000000000000256e+01,1.618766218532326207e+01,8.319314236671223814e-04,0.000000000000000000e+00
4.370000000000000284e+01,1.618767947220403158e+01,8.625021331573126671e-04,0.000000000000000000e+00
4.378000000000000114e+01,1.618769967906937168e+01,-2.592540386110760826e-04,0.000000000000000000e+00
4.385999999999999943e+01,1.618772889918840718e+01,1.918991948576526780e-04,0.000000000000000000e+00
4.392000000000000171e+01,1.618774189870872604e+01,-3.706709730649131781e-04,0.000000000000000000e+00
4.399000000000000199e+01,1.618776432375964092e+01,4.078205228629634650e-04,0.000000000000000000e+00
4.407000000000000028e+01,1.618778200996646532e+01,-7.910214533478526538e-05,0.000000000000000000e+00
4.414999999999999858e+01,1.618780661496216311e+01,8.822067001769285516e-04,0.000000000000000000e+00
4.421000000000000085e+01,1.618782281927287769e+01,-5.244317568628134238e-04,0.000000000000000000e+00
4.434000000000000341e+01,1.618785529860443972e+01,8.821855908235827232e-04,0.000000000000000000e+00
4.439999999999999858e+01,1.618787875845877977e+01,-6.187601881123140201e-04,0.000000000000000000e+00
4.443999999999999773e+01,1.618789118906736491e+01,4.327754456962601068e-04,0.000000000000000000e+00
4.452000000000000313e+01,1.618791836672753348e+01,3.443261061975209339e-04,0.000000000000000000e+00
4.460000000000000142e+01,1.618793471460393718e+01,4.069941771950715361e-04,0.000000000000000000e+00
4.467000000000000171e+01,1.618795681067583914e+01,5.385089035764035201e-04,0.000000000000000000e+00
4.475000000000000000e+01,1.618798517282176874e+01,-1.658871613757322006e-04,0.000000000000000000e+00
4.482000000000000028e+01,1.618800356527756179e+01,3.443305576652076912e-04,0.000000000000000000e+00
4.489999999999999858e+01,1.618802403748874852e+01,8.752382094665023824e-04,0.000000000000000000e+00
4.497999999999999687e+01,1.618804978064339650e+01,-1.312402545545743836e-04,0.000000000000000000e+00
4.503000000000000114e+01,1.618806158661013939e+01,4.327916604562862023e-04,0.000000000000000000e+00
4.507999999999999829e+01,1.618807893874345538e+01,4.146990688015678855e-04,0.000000000000000000e+00
4.514999999999999858e+01,1.618809784151053321e+01,-6.187619510364961986e-04,0.000000000000000000e+00
4.522999999999999687e+01,1.618811999666065304e+01,7.512904949017421442e-04,0.000000000000000000e+00
4.531000000000000227e+01,1.618814678719973443e+01,4.327961899641753524e-04,0.000000000000000000e+00
4.538000000000000256e+01,1.618816552261082009e+01,-4.485737231556821626e-04,0.000000000000000000e+00
4.546000000000000085e+01,1.618818601831150517e+01,1.009605408072605554e-04,0.000000000000000000e+00
4.553999999999999915e+01,1.618821052193093379e+01,1.602114930812857912e-04,0.000000000000000000e+00
4.561999999999999744e+01,1.618823155619183396e+01,6.021805875866717127e-04,0.000000000000000000e+00
4.568999999999999773e+01,1.618825529759810777e+01,8.752625932828615556e-04,0.000000000000000000e+00
4.577000000000000313e+01,1.618827506830283980e+01,-4.485836530513623473e-04,0.000000000000000000e+00
4.585000000000000142e+01,1.618830398506734269e+01,8.752676004953639311e-04,0.000000000000000000e+00
4.592000000000000171e+01,1.618832195816413488e+01,5.385463892737238139e-04,0.000000000000000000e+00
4.600000000000000000e+01,1.618834190429799946e+01,3.683779422900193144e-04,0.000000000000000000e+00
4.607000000000000028e+01,1.618836624832586679e+01,3.683802475045790809e-04,0.000000000000000000e+00
4.614000000000000057e+01,1.618838823133784643e+01,1.602407860038220573e-04,0.000000000000000000e+00
4.621999999999999886e+01,1.618841118228612075e+01,-1.657410105512480917e-04,0.000000000000000000e+00
4.629999999999999716e+01,1.618842648102726756e+01,-6.187642786250597106e-04,0.000000000000000000e+00
4.638000000000000256e+01,1.618845574137533916e+01,-5.244213659778776274e-04,0.000000000000000000e+00
4.645000000000000284e+01,1.618847578862021663e+01,-7.907468051240887038e-05,0.000000000000000000e+00
4.650999999999999801e+01,1.618848796088707331e+01,-7.907389001208023609e-05,0.000000000000000000e+00
4.659000000000000341e+01,1.618851456150739665e+01,-2.278228456440586317e-04,0.000000000000000000e+00
4.665999999999999659e+01,1.618853068249293159e+01,-4.486253315397625710e-04,0.000000000000000000e+00
4.671000000000000085e+01,1.618854993208884707e+01,8.461313421328494700e-04,0.000000000000000000e+00
4.677000000000000313e+01,1.618856529227121399e+01,-5.244175495608965768e-04,0.000000000000000000e+00
4.682999999999999829e+01,1.618858533988138149e+01,-7.906755756211454090e-05,0.000000000000000000e+00
4.689999999999999858e+01,1.618860610497535291e+01,-4.061666242902273969e-05,0.000000000000000000e+00
4.696999999999999886e+01,1.618862149797780248e+01,4.328210368886481777e-04,0.000000000000000000e+00
4.703999999999999915e+01,1.618864621150880012e+01,3.684067681646193662e-04,0.000000000000000000e+00
4.710999999999999943e+01,1.618866628844871158e+01,8.682698329601790934e-04,0.000000000000000000e+00
4.717999999999999972e+01,1.618868497645381410e+01,-2.278194148728877888e-04,0.000000000000000000e+00
4.724000000000000199e+01,1.618870479596773393e+01,9.108752427380247853e-04,0.000000000000000000e+00
4.732000000000000028e+01,1.618872860404086467e+01,7.513409752732758476e-04,0.000000000000000000e+00
4.738000000000000256e+01,1.618874123170938617e+01,1.602799518786816044e-04,0.000000000000000000e+00
4.743999999999999773e+01,1.618876280191004113e+01,8.403645889353795421e-04,0.000000000000000000e+00
4.753000000000000114e+01,1.618878630721171064e+01,-4.486679427178257105e-04,0.000000000000000000e+00
4.760000000000000142e+01,1.618880445429532955e+01,-1.312309677221602203e-04,0.000000000000000000e+00
4.767000000000000171e+01,1.618882905741645928e+01,8.821293337115058541e-04,0.000000000000000000e+00
4.771000000000000085e+01,1.618884097309745584e+01,-1.312305129465225534e-04,0.000000000000000000e+00
4.777000000000000313e+01,1.618885313999838971e+01,-7.905012706675021233e-05,0.000000000000000000e+00
4.782000000000000028e+01,1.618887367346126283e+01,4.469353024678687065e-04,0.000000000000000000e+00
4.788000000000000256e+01,1.618888610040152543e+01,8.608000653842379528e-04,0.000000000000000000e+00
4.795000000000000284e+01,1.618891364577082115e+01,4.328363488390769018e-04,0.000000000000000000e+00
4.803000000000000114e+01,1.618893238321131633e+01,-4.486922908258868031e-04,0.000000000000000000e+00
4.810000000000000142e+01,1.618895278083199685e+01,-2.278140430872492204e-04,0.000000000000000000e+00
4.818999999999999773e+01,1.618897451162774814e+01,4.328395401921641332e-04,0.000000000000000000e+00
4.825999999999999801e+01,1.618899922372722955e+01,-1.312285366277286878e-04,0.000000000000000000e+00
4.831000000000000227e+01,1.618900999633348903e+01,8.753403975088326584e-04,0.000000000000000000e+00
4.839000000000000057e+01,1.618903573762145243e+01,-7.903822444778616028e-05,0.000000000000000000e+00
4.846000000000000085e+01,1.618905781438328262e+01,9.108637302371918243e-04,0.000000000000000000e+00
4.853000000000000114e+01,1.618907846265547690e+01,-4.487166510331851979e-04,0.000000000000000000e+00
4.860999999999999943e+01,1.618909963459228862e+01,9.105174470433868026e-04,0.000000000000000000e+00
4.867999999999999972e+01,1.618911846091142337e+01,-1.382482424765742689e-04,0.000000000000000000e+00
4.875999999999999801e+01,1.618914743085847974e+01,4.193713929270527453e-04,0.000000000000000000e+00
4.882999999999999829e+01,1.618916583275317578e+01,4.465869520975368338e-04,0.000000000000000000e+00
4.889999999999999858e+01,1.618918395168058311e+01,4.193747867473974545e-04,0.000000000000000000e+00
4.896999999999999886e+01,1.618920580733993475e+01,4.328516697626005167e-04,0.000000000000000000e+00
4.904999999999999716e+01,1.618922989558429038e+01,-6.187698899714922512e-04,0.000000000000000000e+00
4.911999999999999744e+01,1.618924973352675778e+01,8.404979111748187015e-04,0.000000000000000000e+00
4.920000000000000284e+01,1.618927090430334559e+01,8.386741727476926429e-04,0.000000000000000000e+00
4.927000000000000313e+01,1.618929146236091299e+01,7.300003219472256779e-05,0.000000000000000000e+00
4.934000000000000341e+01,1.618931292339252437e+01,7.513901934175029346e-04,0.000000000000000000e+00
4.940999999999999659e+01,1.618933042249078724e+01,1.602935619101247041e-04,0.000000000000000000e+00
4.949000000000000199e+01,1.618935528290466763e+01,9.105061283898364683e-04,0.000000000000000000e+00
4.956000000000000227e+01,1.618937686425339706e+01,8.821023686806023830e-04,0.000000000000000000e+00
4.963000000000000256e+01,1.618939383199031923e+01,7.592619425221913774e-04,0.000000000000000000e+00
4.971000000000000085e+01,1.618941525522020086e+01,4.193962861583535174e-04,0.000000000000000000e+00
4.978000000000000114e+01,1.618944371824656159e+01,1.189843363880994237e-03,0.000000000000000000e+00
4.985000000000000142e+01,1.618946182567658809e+01,-1.312229357729470167e-04,0.000000000000000000e+00
4.992000000000000171e+01,1.618948235420570470e+01,4.462091524899634560e-04,0.000000000000000000e+00
4.999000000000000199e+01,1.618950085988748455e+01,1.603060623467240627e-04,0.000000000000000000e+00
5.006000000000000227e+01,1.618952207216411665e+01,-6.187719861835942617e-04,0.000000000000000000e+00
5.014000000000000057e+01,1.618953916311577501e+01,-5.243836481034092750e-04,0.000000000000000000e+00
5.021999999999999886e+01,1.618956911810591848e+01,9.108470392097775710e-04,0.000000000000000000e+00
5.028999999999999915e+01,1.618958797021049989e+01,5.386764188819217472e-04,0.000000000000000000e+00
5.035999999999999943e+01,1.618960365146797287e+01,8.685815165228445668e-04,0.000000000000000000e+00
5.042999999999999972e+01,1.618962844648425303e+01,4.460346366355583906e-04,0.000000000000000000e+00
5.050000000000000000e+01,1.618964656739553476e+01,4.194177886814173199e-04,0.000000000000000000e+00
5.057999999999999829e+01,1.618966842467673573e+01,4.328758085027208731e-04,0.000000000000000000e+00
5.065999999999999659e+01,1.618969549090515159e+01,1.010073673654336636e-04,0.000000000000000000e+00
5.072999999999999687e+01,1.618971513009024932e+01,1.603881696912440986e-04,0.000000000000000000e+00
5.079999999999999716e+01,1.618973757205148090e+01,8.686260540326598036e-04,0.000000000000000000e+00
5.086999999999999744e+01,1.618975652477728033e+01,1.603248162623395858e-04,0.000000000000000000e+00
5.093999999999999773e+01,1.618977479721066359e+01,8.607311397057004548e-04,0.000000000000000000e+00
5.100999999999999801e+01,1.618979265121545197e+01,-3.979796051446660046e-04,0.000000000000000000e+00
5.107000000000000028e+01,1.618981348632858186e+01,8.754219765038309545e-04,0.000000000000000000e+00
5.114000000000000057e+01,1.618983481079681752e+01,-6.734371104110612989e-04,0.000000000000000000e+00
5.120000000000000284e+01,1.618985392370305121e+01,1.603319620086684117e-04,0.000000000000000000e+00
5.127000000000000313e+01,1.618987221453133429e+01,2.732556739744233343e-04,0.000000000000000000e+00
5.134000000000000341e+01,1.618988819434919790e+01,8.820771501928017632e-04,0.000000000000000000e+00
5.140999999999999659e+01,1.618991254445432659e+01,8.820759495635269436e-04,0.000000000000000000e+00
5.147999999999999687e+01,1.618993523633038478e+01,8.754342724865791115e-04,0.000000000000000000e+00
5.154999999999999716e+01,1.618995310459443715e+01,-5.243695925750053478e-04,0.000000000000000000e+00
5.163000000000000256e+01,1.618997745495447660e+01,-5.243687984454503724e-04,0.000000000000000000e+00
5.168999999999999773e+01,1.618999376022226144e+01,-1.651904834837706606e-04,0.000000000000000000e+00
5.175999999999999801e+01,1.619001827591516118e+01,-4.014651617576123698e-05,0.000000000000000000e+00
5.184000000000000341e+01,1.619003790202373239e+01,8.386997480783397671e-04,0.000000000000000000e+00
5.189999999999999858e+01,1.619005589255867505e+01,-1.381455270306803003e-04,0.000000000000000000e+00
5.197999999999999687e+01,1.619007760513502703e+01,8.407249095630594691e-04,0.000000000000000000e+00
5.204999999999999716e+01,1.619009973255474222e+01,4.148987161500713441e-04,0.000000000000000000e+00
5.211999999999999744e+01,1.619011567888153991e+01,-4.011402013207306734e-05,0.000000000000000000e+00
5.218999999999999773e+01,1.619013355618058725e+01,-3.979607629300280095e-04,0.000000000000000000e+00
5.225000000000000000e+01,1.619015573737191716e+01,6.910038229069946191e-05,0.000000000000000000e+00
5.231000000000000227e+01,1.619017306244086996e+01,3.128326830213278128e-05,0.000000000000000000e+00
